Company Name,Industry,Website,Decision Maker Name,Designation,Verified Email Address,Verified Mobile Number,LinkedIn Profile URL,Company Size (employees),Recent Projects or Campaigns,Identified Pain Points,Reason They Might Need AI Services
TechFlow Solutions,SaaS,techflow.in,Rahul Sharma,Founder,r.sharma@techflow.in,+91-9876543210,https://linkedin.com/in/rahulsharmaceo,50-100,"Launched new CRM integration platform in Q4 2023, focused on automation features","High support ticket volume, Manual lead qualification process","AI chatbot could handle 60% of support queries, automated lead scoring system would improve conversion rates"
StyleCart E-commerce,E-commerce,stylecart.com,Priya Agarwal,CMO,priya@stylecart.com,+91-9123456789,https://linkedin.com/in/priyaagarwalcmo,25-50,"Q3 2023 campaign achieved 15% increase in sales, focusing on personalized shopping experience","Low ad engagement rates (2.1%), High cart abandonment (68%)","AI-generated personalized ads could increase engagement, smart cart recovery campaigns using behavioral data"
Digital Boost Agency,Digital Marketing,digitalboost.in,Amit Kumar,Marketing Manager,amit@digitalboost.in,+91-9456781230,https://linkedin.com/in/amitkumardigital,15-25,"Managed 50+ client campaigns in 2023, specializing in performance marketing","Client reporting overhead consuming 20+ hours/week, Creative scalability challenges","Automated client dashboards and AI-generated ad creatives would reduce manual work and scale operations"
HealthPlus Clinic,Healthcare,healthplus.co.in,Dr. Sunita Verma,Founder,sunita@healthplus.co.in,+91-9876512340,https://linkedin.com/in/drunitaverma,10-25,"Implemented telemedicine platform during 2023, patient satisfaction score 4.8/5","Long patient wait times for non-critical queries, Appointment scheduling conflicts","AI appointment scheduling system and chatbot for basic health queries could improve patient experience"
LuxStay Hotels,Hospitality,luxstay.in,Vikram Singh,CMO,vikram@luxstay.in,+91-9123567890,https://linkedin.com/in/vikramsinghhotel,75-100,"Achieved 85% occupancy rate in 2023, launched loyalty program with 10K+ members","Customer service response time averaging 4+ hours, Booking process complexity","AI-powered customer service chatbot and streamlined booking process would enhance guest experience"
CloudTech Solutions,SaaS,cloudtech.co.in,Neha Patel,Head of Marketing,neha@cloudtech.co.in,+91-9345678901,https://linkedin.com/in/nehapatelsaas,30-50,"Raised Series A funding of $2M in 2023, expanding to enterprise market","Lead qualification taking 2+ days, Support team overwhelmed with basic queries","Automated lead scoring and AI customer support would improve sales efficiency and customer satisfaction"
FreshMart Online,E-commerce,freshmart.in,Arjun Malhotra,Founder,arjun@freshmart.in,+91-9567890123,https://linkedin.com/in/arjunmalhotra,20-35,"Launched same-day delivery in Delhi NCR, 25% month-over-month growth","Customer acquisition cost increasing by 30%, Returns processing inefficiency","AI-powered recommendation engine and automated returns processing would reduce costs and improve margins"
MedTech Innovations,Healthcare,medtech.co.in,Dr. Raj Khurana,CEO,raj@medtech.co.in,+91-9789012345,https://linkedin.com/in/drrajkhurana,40-60,"Launched AI-powered diagnostic tool in 2023, partnered with 15+ hospitals","Sales cycle for B2B clients averaging 6+ months, Complex product demos","AI sales assistant and automated demo scheduling could accelerate sales process"
GrowthHack Agency,Digital Marketing,growthhack.in,Simran Kaur,Founder,simran@growthhack.in,+91-9890123456,https://linkedin.com/in/simrankaur,8-15,"Helped 20+ startups achieve 100%+ growth in 2023, specializing in growth hacking","Client onboarding process taking 2+ weeks, Campaign optimization manual and time-intensive","Automated client onboarding and AI-powered campaign optimization would scale operations efficiently"
EcoStay Resorts,Hospitality,ecostay.in,Rohit Sharma,Marketing Manager,rohit@ecostay.in,+91-9012345678,https://linkedin.com/in/rohitsharmaeco,45-70,"Won 'Best Eco-Resort 2023' award, 90% customer satisfaction rate","Seasonal booking variations, Guest experience personalization challenges","AI-powered dynamic pricing and personalized guest experience recommendations would optimize revenue"
SmartData Analytics,SaaS,smartdata.co.in,Kavya Reddy,CMO,kavya@smartdata.co.in,+91-9234567890,https://linkedin.com/in/kavyareddy,35-55,"Processed 1B+ data points in 2023, expanded to 3 new industries","Customer churn rate at 15%, Product adoption complexity","AI-powered customer success platform and intelligent onboarding would reduce churn significantly"
FashionForward Store,E-commerce,fashionforward.in,Ananya Gupta,Head of Marketing,ananya@fashionforward.in,+91-9456789012,https://linkedin.com/in/ananyagupta,15-30,"Collaborated with 50+ influencers in 2023, launched sustainable fashion line","Inventory management inefficiencies, Customer size/fit prediction accuracy low","AI inventory optimization and virtual fitting room technology would improve operations and customer satisfaction"
Wellness360 Clinic,Healthcare,wellness360.in,Dr. Manish Jain,Founder,manish@wellness360.in,+91-9678901234,https://linkedin.com/in/drmanishjain,25-40,"Opened 3 new locations in 2023, introduced preventive health packages","Patient follow-up consistency issues, Appointment no-show rate at 20%","AI patient engagement system and predictive appointment scheduling would improve healthcare outcomes"
Premier Hotels Group,Hospitality,premier.co.in,Sanjay Verma,CEO,sanjay@premier.co.in,+91-9801234567,https://linkedin.com/in/sanjayverma,100-150,"Renovated 5 properties in 2023, achieved 4.5-star average rating","Revenue management complexity across multiple properties, Guest service standardization","AI revenue optimization across properties and standardized AI customer service would maximize profitability"
AutomateNow SaaS,SaaS,automatenow.in,Pradeep Kumar,Founder,pradeep@automatenow.in,+91-9923456789,https://linkedin.com/in/pradeepkumar,20-40,"Achieved 200% year-over-year growth in 2023, enterprise clients include Fortune 500","Sales demo scheduling bottlenecks, Customer success team scaling challenges","AI-powered demo scheduling and automated customer success workflows would support rapid growth"
StyleCo Fashion,E-commerce,styleco.in,Ritu Sharma,CMO,ritu@styleco.in,+91-9045678901,https://linkedin.com/in/ritusharma,40-65,"Launched AR try-on feature in 2023, 40% increase in conversion rates","Cross-selling opportunities underutilized, Customer lifetime value optimization","AI recommendation engine and personalized marketing automation would increase customer value significantly"
HealthTech Solutions,Healthcare,healthtech.co.in,Dr. Anil Gupta,CEO,anil@healthtech.co.in,+91-9167890123,https://linkedin.com/in/dranilgupta,50-80,"Deployed telemedicine solution in 100+ clinics, processed 50K+ consultations","Patient data analysis manual and time-consuming, Treatment outcome tracking inefficient","AI patient data analytics and automated outcome tracking would improve clinical decisions"
GrandStay Hotels,Hospitality,grandstay.in,Meera Patel,Marketing Director,meera@grandstay.in,+91-9289012345,https://linkedin.com/in/meerapatel,60-90,"Implemented contactless check-in across all properties, 95% guest satisfaction","Dynamic pricing strategy underoptimized, Guest preference prediction challenges","AI dynamic pricing engine and guest preference analytics would optimize revenue and satisfaction"
GrowthMax Agency,Digital Marketing,growthmax.in,Karan Singh,Founder,karan@growthmax.in,+91-9390123456,https://linkedin.com/in/karansingh,12-20,"Managed $5M+ in ad spend for clients in 2023, 150% average ROAS","Creative asset production bottleneck, Campaign performance prediction accuracy","AI creative generation and predictive campaign analytics would scale operations and improve performance"
TechStack SaaS,SaaS,techstack.co.in,Anjali Mehta,Head of Growth,anjali@techstack.co.in,+91-9512345678,https://linkedin.com/in/anjalimehta,45-70,"Raised Series B funding of $10M in 2023, expanding internationally","User onboarding drop-off rate at 35%, Feature adoption analytics manual","AI-powered user onboarding optimization and automated feature adoption insights would improve user retention"
RetailMax E-commerce,E-commerce,retailmax.in,Suresh Reddy,Founder,suresh@retailmax.in,+91-9634567890,https://linkedin.com/in/sureshreddy,55-85,"Expanded to 15+ categories in 2023, achieved â‚¹100Cr+ GMV","Supply chain optimization challenges, Customer service response time 6+ hours","AI supply chain optimization and 24/7 customer service chatbot would improve operations and satisfaction"
CarePlus Healthcare,Healthcare,careplus.co.in,Dr. Shruti Jain,CMO,shruti@careplus.co.in,+91-9756789012,https://linkedin.com/in/drshrutijain,30-50,"Launched home healthcare services, serving 1000+ patients monthly","Nurse scheduling inefficiencies, Patient health monitoring gaps","AI nurse scheduling optimization and remote patient monitoring would improve care quality"
LuxuryStay Resorts,Hospitality,luxurystay.in,Rajesh Kumar,CEO,rajesh@luxurystay.in,+91-9878901234,https://linkedin.com/in/rajeshkumar,80-120,"Achieved 'Resort of the Year 2023' award, expanded to 2 new destinations","Guest experience personalization at scale, Revenue optimization across seasons","AI guest experience personalization and dynamic revenue management would maximize guest satisfaction and profits"
DigitalFirst Agency,Digital Marketing,digitalfirst.in,Pooja Agarwal,Marketing Head,pooja@digitalfirst.in,+91-9990123456,https://linkedin.com/in/poojaagarwal,18-25,"Achieved 300% client growth in 2023, specializing in B2B lead generation","Lead qualification accuracy needs improvement, Client reporting automation required","AI lead scoring and automated client reporting dashboards would improve efficiency and client satisfaction"
CloudScale SaaS,SaaS,cloudscale.co.in,Vivek Sharma,Founder,vivek@cloudscale.co.in,+91-9012456789,https://linkedin.com/in/viveksharma,25-45,"Achieved SOC 2 compliance in 2023, serving 500+ enterprise clients","Customer support ticket resolution time 24+ hours, Upselling opportunities identification manual","AI customer support automation and intelligent upselling recommendations would improve customer satisfaction and revenue"
ShopSmart E-commerce,E-commerce,shopsmart.in,Nisha Patel,Head of Operations,nisha@shopsmart.in,+91-9134567890,https://linkedin.com/in/nishapatel,35-55,"Implemented same-day delivery in 10+ cities, 98% order accuracy","Fraud detection manual and reactive, Customer behavior analysis limited","AI fraud detection system and advanced customer behavior analytics would reduce losses and improve personalization"
HealthFirst Clinics,Healthcare,healthfirst.co.in,Dr. Amit Verma,Founder,amit.v@healthfirst.co.in,+91-9256789012,https://linkedin.com/in/dramitverma,40-70,"Opened 5 new clinics in 2023, implemented EMR system","Patient appointment optimization needed, Treatment protocol standardization","AI appointment optimization and clinical decision support would improve patient outcomes and operational efficiency"
GrandVista Hotels,Hospitality,grandvista.in,Sunita Singh,Marketing Manager,sunita@grandvista.in,+91-9378901234,https://linkedin.com/in/sunitasingh,70-100,"Renovated conference facilities, increased corporate bookings by 60%","Conference booking process complex, Guest service personalization challenges","AI conference booking automation and personalized guest service would streamline operations and enhance experience"
MarketPro Agency,Digital Marketing,marketpro.in,Rahul Jain,CEO,rahul@marketpro.in,+91-9490123456,https://linkedin.com/in/rahuljain,22-35,"Helped 100+ SMEs with digital transformation, average 250% ROI","Campaign optimization manual and time-intensive, Client success prediction challenges","AI campaign optimization and predictive client success analytics would scale operations and improve outcomes"
DataDriven SaaS,SaaS,datadriven.co.in,Sakshi Gupta,VP Marketing,sakshi@datadriven.co.in,+91-9612345678,https://linkedin.com/in/sakshigupta,40-60,"Processed 10TB+ data for clients in 2023, achieved 99.9% uptime","Customer onboarding complexity, Feature usage analytics manual","AI-powered customer onboarding and automated feature usage insights would improve customer success and product development"